{
  "nx": 300,
  "ny": 300,
  "nt": 3000,
  "dx": 0.00333333,
  "dy": 0.00333333,
  "dt": 0.0005,
  "c": 4.8,
  "initial_type": "zero",
  "forcing": { "type": "ricker", "f": 30.0 },
  "output_freq": 10
}
