{
  "nx": 300,
  "ny": 300,
  "nt": 3000,
  "dx": 0.00333333,
  "dy": 0.00333333,
  "dt": 0.0005,
  "c": 4.8,
  "source_type": 1,
  "output_freq": 10
}
