{
  "nx": 300,
  "ny": 300,
  "nt": 3000,
  "dx": 0.00333333,
  "dy": 0.00333333,
  "dt": 0.0005,
  "c": 3.0,
  "forcing": { "type": "chirp", "f0": 5.0, "f1": 50.0, "t1": 1.0 },
  "output_freq": 10
}

